{
  "convMedGTANH__Point.onnx": [
    0.05000000074505806,
    0.25359082221984863
  ],
  "convSmallRELU__Point.onnx": [
    0.10999999940395355,
    0.1404426097869873
  ],
  "ffnnRELU__Point_6_500.onnx": [
    0.09000000357627869,
    0.49686717987060547
  ],
  "mnist_relu_4_1024.onnx": [
    0.15000000596046448,
    0.3730740547180176
  ],
  "ffnnTANH__Point_6_500.onnx": [
    0.11999999731779099,
    0.30999112129211426
  ],
  "mnist_relu_3_50.onnx": [
    0.9700000286102295,
    0.10762500762939453
  ],
  "mnist_relu_6_100.onnx": [
    0.9700000286102295,
    0.25690126419067383
  ],
  "convBigRELU__DiffAI.onnx": [
    0.05000000074505806,
    0.6642887592315674
  ],
  "convSmallRELU__DiffAI.onnx": [
    0.09000000357627869,
    0.17593979835510254
  ],
  "mnist_relu_5_100.onnx": [
    0.9800000190734863,
    0.2480792999267578
  ],
  "skip__DiffAI.onnx": [
    1.0,
    1.1520514488220215
  ],
  "mnist_relu_9_200.onnx": [
    0.10000000149011612,
    0.4686272144317627
  ],
  "mnist_relu_9_100.onnx": [
    0.6600000262260437,
    0.4325692653656006
  ],
  "convSuperRELU__DiffAI.onnx": [
    0.15000000596046448,
    1.2649235725402832
  ],
  "ffnnTANH__PGDK_w_0.3_6_500.onnx": [
    0.10999999940395355,
    0.24040603637695312
  ],
  "convMedGRELU__Point.onnx": [
    0.10000000149011612,
    0.5500783920288086
  ],
  "ffnnRELU__PGDK_w_0.1_6_500.onnx": [
    0.15000000596046448,
    0.43461084365844727
  ],
  "ffnnRELU__PGDK_w_0.3_6_500.onnx": [
    0.15000000596046448,
    0.40312862396240234
  ],
  "mnist_relu_3_100.onnx": [
    0.9800000190734863,
    0.15032029151916504
  ],
  "convSmallRELU__PGDK.onnx": [
    0.10999999940395355,
    0.13875699043273926
  ],
  "mnist_relu_6_200.onnx": [
    0.9599999785423279,
    0.3492426872253418
  ],
  "cifar_relu_6_100.onnx": [
    0.14000000059604645,
    0.451282262802124
  ],
  "ffnnRELU__PGDK_w_0.0313_6_500.onnx": [
    0.05000000074505806,
    0.5217273235321045
  ],
  "convMedGRELU__PGDK_w_0.0078.onnx": [
    0.11999999731779099,
    0.3561272621154785
  ],
  "cifar_relu_4_100.onnx": [
    0.14000000059604645,
    0.21232223510742188
  ],
  "cifar_relu_7_1024.onnx": [
    0.009999999776482582,
    1.1540210247039795
  ],
  "ffnnTANH__PGDK_w_0.0313_6_500.onnx": [
    0.0,
    0.3326852321624756
  ],
  "convMedGTANH__PGDK_w_0.0313.onnx": [
    0.009999999776482582,
    0.21846795082092285
  ],
  "convMedGTANH__PGDK_w_0.0078.onnx": [
    0.03999999910593033,
    0.44502782821655273
  ],
  "ffnnRELU__PGDK_w_0.0078_6_500.onnx": [
    0.09000000357627869,
    0.4945943355560303
  ],
  "cifar_relu_9_200.onnx": [
    0.0,
    0.5456869602203369
  ],
  "convMedGRELU__PGDK_w_0.0313.onnx": [
    0.11999999731779099,
    0.2735321521759033
  ]
}
