{
  "convSmallRELU__Point.onnx": [
    0.10999999940395355,
    4.324918985366821
  ],
  "ffnnRELU__Point_6_500.onnx": [
    0.09000000357627869,
    45.176276206970215
  ],
  "mnist_relu_4_1024.onnx": [
    0.15000000596046448,
    10.138559341430664
  ],
  "ffnnTANH__Point_6_500.onnx": [
    0.11999999731779099,
    17.059314489364624
  ],
  "mnist_relu_3_50.onnx": [
    0.949999988079071,
    0.38532137870788574
  ],
  "mnist_relu_6_100.onnx": [
    0.9700000286102295,
    1.5642726421356201
  ],
  "convBigRELU__DiffAI.onnx": [
    0.05000000074505806,
    455.9342222213745
  ],
  "convSmallRELU__DiffAI.onnx": [
    0.09000000357627869,
    4.20436692237854
  ],
  "mnist_relu_5_100.onnx": [
    0.9800000190734863,
    1.6929166316986084
  ],
  "skip__DiffAI.onnx": [
    1.0,
    152.27139616012573
  ],
  "mnist_relu_9_200.onnx": [
    0.9399999976158142,
    5.096914768218994
  ],
  "mnist_relu_9_100.onnx": [
    0.8899999856948853,
    3.504627227783203
  ],
  "convSuperRELU__DiffAI.onnx": [
    0.15000000596046448,
    665.0903198719025
  ],
  "ffnnTANH__PGDK_w_0.3_6_500.onnx": [
    0.15000000596046448,
    8.69297742843628
  ],
  "convMedGRELU__Point.onnx": [
    0.10000000149011612,
    23.957404375076294
  ],
  "ffnnRELU__PGDK_w_0.1_6_500.onnx": [
    0.15000000596046448,
    21.057579278945923
  ],
  "ffnnRELU__PGDK_w_0.3_6_500.onnx": [
    0.15000000596046448,
    24.92853856086731
  ],
  "mnist_relu_3_100.onnx": [
    0.9599999785423279,
    0.40898799896240234
  ],
  "convSmallRELU__PGDK.onnx": [
    0.10999999940395355,
    4.322234392166138
  ],
  "mnist_relu_6_200.onnx": [
    0.9700000286102295,
    2.2342722415924072
  ],
  "cifar_relu_6_100.onnx": [
    0.17000000178813934,
    3.7227509021759033
  ],
  "ffnnRELU__PGDK_w_0.0313_6_500.onnx": [
    0.05000000074505806,
    44.83901906013489
  ],
  "convMedGRELU__PGDK_w_0.0078.onnx": [
    0.11999999731779099,
    24.18017268180847
  ],
  "cifar_relu_4_100.onnx": [
    0.14000000059604645,
    1.9093427658081055
  ],
  "cifar_relu_7_1024.onnx": [
    0.09000000357627869,
    71.17233347892761
  ],
  "ffnnTANH__PGDK_w_0.0313_6_500.onnx": [
    0.009999999776482582,
    16.76016926765442
  ],
  "ffnnRELU__PGDK_w_0.0078_6_500.onnx": [
    0.09000000357627869,
    51.587141275405884
  ],
  "cifar_relu_9_200.onnx": [
    0.03999999910593033,
    10.8835289478302
  ],
  "convMedGRELU__PGDK_w_0.0313.onnx": [
    0.11999999731779099,
    23.97762155532837
  ]
}
